Cód_Mun;DIVIPOLA;MUNICIPIO;Cód_Dep;DPTO
1;5001;MEDELLÍN;5;ANTIOQUIA
2;5002;ABEJORRAL;5;ANTIOQUIA
4;5004;ABRIAQUÍ;5;ANTIOQUIA
21;5021;ALEJANDRÍA;5;ANTIOQUIA
30;5030;AMAGÁ;5;ANTIOQUIA
31;5031;AMALFI;5;ANTIOQUIA
34;5034;ANDES;5;ANTIOQUIA
36;5036;ANGELÓPOLIS;5;ANTIOQUIA
38;5038;ANGOSTURA;5;ANTIOQUIA
40;5040;ANORÍ;5;ANTIOQUIA
42;5042;SANTA FÉ DE ANTIOQUIA;5;ANTIOQUIA
44;5044;ANZÁ;5;ANTIOQUIA
45;5045;APARTADÓ;5;ANTIOQUIA
51;5051;ARBOLETES;5;ANTIOQUIA
55;5055;ARGELIA;5;ANTIOQUIA
59;5059;ARMENIA;5;ANTIOQUIA
79;5079;BARBOSA;5;ANTIOQUIA
86;5086;BELMIRA;5;ANTIOQUIA
88;5088;BELLO;5;ANTIOQUIA
91;5091;BETANIA;5;ANTIOQUIA
93;5093;BETULIA;5;ANTIOQUIA
101;5101;CIUDAD BOLÍVAR;5;ANTIOQUIA
107;5107;BRICEÑO;5;ANTIOQUIA
113;5113;BURITICÁ;5;ANTIOQUIA
120;5120;CÁCERES;5;ANTIOQUIA
125;5125;CAICEDO;5;ANTIOQUIA
129;5129;CALDAS;5;ANTIOQUIA
134;5134;CAMPAMENTO;5;ANTIOQUIA
138;5138;CAÑASGORDAS;5;ANTIOQUIA
142;5142;CARACOLÍ;5;ANTIOQUIA
145;5145;CARAMANTA;5;ANTIOQUIA
147;5147;CAREPA;5;ANTIOQUIA
148;5148;EL CARMEN DE VIBORAL;5;ANTIOQUIA
150;5150;CAROLINA;5;ANTIOQUIA
154;5154;CAUCASIA;5;ANTIOQUIA
172;5172;CHIGORODÓ;5;ANTIOQUIA
190;5190;CISNEROS;5;ANTIOQUIA
197;5197;COCORNÁ;5;ANTIOQUIA
206;5206;CONCEPCIÓN;5;ANTIOQUIA
209;5209;CONCORDIA;5;ANTIOQUIA
212;5212;COPACABANA;5;ANTIOQUIA
234;5234;DABEIBA;5;ANTIOQUIA
237;5237;DONMATÍAS;5;ANTIOQUIA
240;5240;EBÉJICO;5;ANTIOQUIA
250;5250;EL BAGRE;5;ANTIOQUIA
264;5264;ENTRERRÍOS;5;ANTIOQUIA
266;5266;ENVIGADO;5;ANTIOQUIA
282;5282;FREDONIA;5;ANTIOQUIA
284;5284;FRONTINO;5;ANTIOQUIA
306;5306;GIRALDO;5;ANTIOQUIA
308;5308;GIRARDOTA;5;ANTIOQUIA
310;5310;GÓMEZ PLATA;5;ANTIOQUIA
313;5313;GRANADA;5;ANTIOQUIA
315;5315;GUADALUPE;5;ANTIOQUIA
318;5318;GUARNE;5;ANTIOQUIA
321;5321;GUATAPÉ;5;ANTIOQUIA
347;5347;HELICONIA;5;ANTIOQUIA
353;5353;HISPANIA;5;ANTIOQUIA
360;5360;ITAGÜÍ;5;ANTIOQUIA
361;5361;ITUANGO;5;ANTIOQUIA
364;5364;JARDÍN;5;ANTIOQUIA
368;5368;JERICÓ;5;ANTIOQUIA
376;5376;LA CEJA;5;ANTIOQUIA
380;5380;LA ESTRELLA;5;ANTIOQUIA
390;5390;LA PINTADA;5;ANTIOQUIA
400;5400;LA UNIÓN;5;ANTIOQUIA
411;5411;LIBORINA;5;ANTIOQUIA
425;5425;MACEO;5;ANTIOQUIA
440;5440;MARINILLA;5;ANTIOQUIA
467;5467;MONTEBELLO;5;ANTIOQUIA
475;5475;MURINDÓ;5;ANTIOQUIA
480;5480;MUTATÁ;5;ANTIOQUIA
483;5483;NARIÑO;5;ANTIOQUIA
490;5490;NECOCLÍ;5;ANTIOQUIA
495;5495;NECHÍ;5;ANTIOQUIA
501;5501;OLAYA;5;ANTIOQUIA
541;5541;PEÑOL;5;ANTIOQUIA
543;5543;PEQUE;5;ANTIOQUIA
576;5576;PUEBLORRICO;5;ANTIOQUIA
579;5579;PUERTO BERRÍO;5;ANTIOQUIA
585;5585;PUERTO NARE;5;ANTIOQUIA
591;5591;PUERTO TRIUNFO;5;ANTIOQUIA
604;5604;REMEDIOS;5;ANTIOQUIA
607;5607;RETIRO;5;ANTIOQUIA
615;5615;RIONEGRO;5;ANTIOQUIA
628;5628;SABANALARGA;5;ANTIOQUIA
631;5631;SABANETA;5;ANTIOQUIA
642;5642;SALGAR;5;ANTIOQUIA
647;5647;SAN ANDRÉS DE CUERQUÍA;5;ANTIOQUIA
649;5649;SAN CARLOS;5;ANTIOQUIA
652;5652;SAN FRANCISCO;5;ANTIOQUIA
656;5656;SAN JERÓNIMO;5;ANTIOQUIA
658;5658;SAN JOSÉ DE LA MONTAÑA;5;ANTIOQUIA
659;5659;SAN JUAN DE URABÁ;5;ANTIOQUIA
660;5660;SAN LUIS;5;ANTIOQUIA
664;5664;SAN PEDRO DE LOS MILAGROS;5;ANTIOQUIA
665;5665;SAN PEDRO DE URABÁ;5;ANTIOQUIA
667;5667;SAN RAFAEL;5;ANTIOQUIA
670;5670;SAN ROQUE;5;ANTIOQUIA
674;5674;SAN VICENTE FERRER;5;ANTIOQUIA
679;5679;SANTA BÁRBARA;5;ANTIOQUIA
686;5686;SANTA ROSA DE OSOS;5;ANTIOQUIA
690;5690;SANTO DOMINGO;5;ANTIOQUIA
697;5697;EL SANTUARIO;5;ANTIOQUIA
736;5736;SEGOVIA;5;ANTIOQUIA
756;5756;SONSÓN;5;ANTIOQUIA
761;5761;SOPETRÁN;5;ANTIOQUIA
789;5789;TÁMESIS;5;ANTIOQUIA
790;5790;TARAZÁ;5;ANTIOQUIA
792;5792;TARSO;5;ANTIOQUIA
809;5809;TITIRIBÍ;5;ANTIOQUIA
819;5819;TOLEDO;5;ANTIOQUIA
837;5837;TURBO;5;ANTIOQUIA
842;5842;URAMITA;5;ANTIOQUIA
847;5847;URRAO;5;ANTIOQUIA
854;5854;VALDIVIA;5;ANTIOQUIA
856;5856;VALPARAÍSO;5;ANTIOQUIA
858;5858;VEGACHÍ;5;ANTIOQUIA
861;5861;VENECIA;5;ANTIOQUIA
873;5873;VIGÍA DEL FUERTE;5;ANTIOQUIA
885;5885;YALÍ;5;ANTIOQUIA
887;5887;YARUMAL;5;ANTIOQUIA
890;5890;YOLOMBÓ;5;ANTIOQUIA
893;5893;YONDÓ;5;ANTIOQUIA
895;5895;ZARAGOZA;5;ANTIOQUIA
1;8001;BARRANQUILLA;8;ATLÁNTICO
78;8078;BARANOA;8;ATLÁNTICO
137;8137;CAMPO DE LA CRUZ;8;ATLÁNTICO
141;8141;CANDELARIA;8;ATLÁNTICO
296;8296;GALAPA;8;ATLÁNTICO
372;8372;JUAN DE ACOSTA;8;ATLÁNTICO
421;8421;LURUACO;8;ATLÁNTICO
433;8433;MALAMBO;8;ATLÁNTICO
436;8436;MANATÍ;8;ATLÁNTICO
520;8520;PALMAR DE VARELA;8;ATLÁNTICO
549;8549;PIOJÓ;8;ATLÁNTICO
558;8558;POLONUEVO;8;ATLÁNTICO
560;8560;PONEDERA;8;ATLÁNTICO
573;8573;PUERTO COLOMBIA;8;ATLÁNTICO
606;8606;REPELÓN;8;ATLÁNTICO
634;8634;SABANAGRANDE;8;ATLÁNTICO
638;8638;SABANALARGA;8;ATLÁNTICO
675;8675;SANTA LUCÍA;8;ATLÁNTICO
685;8685;SANTO TOMÁS;8;ATLÁNTICO
758;8758;SOLEDAD;8;ATLÁNTICO
770;8770;SUAN;8;ATLÁNTICO
832;8832;TUBARÁ;8;ATLÁNTICO
849;8849;USIACURÍ;8;ATLÁNTICO
1;11001;BOGOTÁ, D.C.;11;BOGOTÁ, D.C.
1;13001;CARTAGENA DE INDIAS;13;BOLÍVAR
6;13006;ACHÍ;13;BOLÍVAR
30;13030;ALTOS DEL ROSARIO;13;BOLÍVAR
42;13042;ARENAL;13;BOLÍVAR
52;13052;ARJONA;13;BOLÍVAR
62;13062;ARROYOHONDO;13;BOLÍVAR
74;13074;BARRANCO DE LOBA;13;BOLÍVAR
140;13140;CALAMAR;13;BOLÍVAR
160;13160;CANTAGALLO;13;BOLÍVAR
188;13188;CICUCO;13;BOLÍVAR
212;13212;CÓRDOBA;13;BOLÍVAR
222;13222;CLEMENCIA;13;BOLÍVAR
244;13244;EL CARMEN DE BOLÍVAR;13;BOLÍVAR
248;13248;EL GUAMO;13;BOLÍVAR
268;13268;EL PEÑÓN;13;BOLÍVAR
300;13300;HATILLO DE LOBA;13;BOLÍVAR
430;13430;MAGANGUÉ;13;BOLÍVAR
433;13433;MAHATES;13;BOLÍVAR
440;13440;MARGARITA;13;BOLÍVAR
442;13442;MARÍA LA BAJA;13;BOLÍVAR
458;13458;MONTECRISTO;13;BOLÍVAR
468;13468;MOMPÓS;13;BOLÍVAR
473;13473;MORALES;13;BOLÍVAR
490;13490;NOROSÍ;13;BOLÍVAR
549;13549;PINILLOS;13;BOLÍVAR
580;13580;REGIDOR;13;BOLÍVAR
600;13600;RÍO VIEJO;13;BOLÍVAR
620;13620;SAN CRISTÓBAL;13;BOLÍVAR
647;13647;SAN ESTANISLAO;13;BOLÍVAR
650;13650;SAN FERNANDO;13;BOLÍVAR
654;13654;SAN JACINTO;13;BOLÍVAR
655;13655;SAN JACINTO DEL CAUCA;13;BOLÍVAR
657;13657;SAN JUAN NEPOMUCENO;13;BOLÍVAR
667;13667;SAN MARTÍN DE LOBA;13;BOLÍVAR
670;13670;SAN PABLO;13;BOLÍVAR
673;13673;SANTA CATALINA;13;BOLÍVAR
683;13683;SANTA ROSA;13;BOLÍVAR
688;13688;SANTA ROSA DEL SUR;13;BOLÍVAR
744;13744;SIMITÍ;13;BOLÍVAR
760;13760;SOPLAVIENTO;13;BOLÍVAR
780;13780;TALAIGUA NUEVO;13;BOLÍVAR
810;13810;TIQUISIO;13;BOLÍVAR
836;13836;TURBACO;13;BOLÍVAR
838;13838;TURBANÁ;13;BOLÍVAR
873;13873;VILLANUEVA;13;BOLÍVAR
894;13894;ZAMBRANO;13;BOLÍVAR
1;15001;TUNJA;15;BOYACÁ
22;15022;ALMEIDA;15;BOYACÁ
47;15047;AQUITANIA;15;BOYACÁ
51;15051;ARCABUCO;15;BOYACÁ
87;15087;BELÉN;15;BOYACÁ
90;15090;BERBEO;15;BOYACÁ
92;15092;BETÉITIVA;15;BOYACÁ
97;15097;BOAVITA;15;BOYACÁ
104;15104;BOYACÁ;15;BOYACÁ
106;15106;BRICEÑO;15;BOYACÁ
109;15109;BUENAVISTA;15;BOYACÁ
114;15114;BUSBANZÁ;15;BOYACÁ
131;15131;CALDAS;15;BOYACÁ
135;15135;CAMPOHERMOSO;15;BOYACÁ
162;15162;CERINZA;15;BOYACÁ
172;15172;CHINAVITA;15;BOYACÁ
176;15176;CHIQUINQUIRÁ;15;BOYACÁ
180;15180;CHISCAS;15;BOYACÁ
183;15183;CHITA;15;BOYACÁ
185;15185;CHITARAQUE;15;BOYACÁ
187;15187;CHIVATÁ;15;BOYACÁ
189;15189;CIÉNEGA;15;BOYACÁ
204;15204;CÓMBITA;15;BOYACÁ
212;15212;COPER;15;BOYACÁ
215;15215;CORRALES;15;BOYACÁ
218;15218;COVARACHÍA;15;BOYACÁ
223;15223;CUBARÁ;15;BOYACÁ
224;15224;CUCAITA;15;BOYACÁ
226;15226;CUÍTIVA;15;BOYACÁ
232;15232;CHÍQUIZA;15;BOYACÁ
236;15236;CHIVOR;15;BOYACÁ
238;15238;DUITAMA;15;BOYACÁ
244;15244;EL COCUY;15;BOYACÁ
248;15248;EL ESPINO;15;BOYACÁ
272;15272;FIRAVITOBA;15;BOYACÁ
276;15276;FLORESTA;15;BOYACÁ
293;15293;GACHANTIVÁ;15;BOYACÁ
296;15296;GÁMEZA;15;BOYACÁ
299;15299;GARAGOA;15;BOYACÁ
317;15317;GUACAMAYAS;15;BOYACÁ
322;15322;GUATEQUE;15;BOYACÁ
325;15325;GUAYATÁ;15;BOYACÁ
332;15332;GÜICÁN DE LA SIERRA;15;BOYACÁ
362;15362;IZA;15;BOYACÁ
367;15367;JENESANO;15;BOYACÁ
368;15368;JERICÓ;15;BOYACÁ
377;15377;LABRANZAGRANDE;15;BOYACÁ
380;15380;LA CAPILLA;15;BOYACÁ
401;15401;LA VICTORIA;15;BOYACÁ
403;15403;LA UVITA;15;BOYACÁ
407;15407;VILLA DE LEYVA;15;BOYACÁ
425;15425;MACANAL;15;BOYACÁ
442;15442;MARIPÍ;15;BOYACÁ
455;15455;MIRAFLORES;15;BOYACÁ
464;15464;MONGUA;15;BOYACÁ
466;15466;MONGUÍ;15;BOYACÁ
469;15469;MONIQUIRÁ;15;BOYACÁ
476;15476;MOTAVITA;15;BOYACÁ
480;15480;MUZO;15;BOYACÁ
491;15491;NOBSA;15;BOYACÁ
494;15494;NUEVO COLÓN;15;BOYACÁ
500;15500;OICATÁ;15;BOYACÁ
507;15507;OTANCHE;15;BOYACÁ
511;15511;PACHAVITA;15;BOYACÁ
514;15514;PÁEZ;15;BOYACÁ
516;15516;PAIPA;15;BOYACÁ
518;15518;PAJARITO;15;BOYACÁ
522;15522;PANQUEBA;15;BOYACÁ
531;15531;PAUNA;15;BOYACÁ
533;15533;PAYA;15;BOYACÁ
537;15537;PAZ DE RÍO;15;BOYACÁ
542;15542;PESCA;15;BOYACÁ
550;15550;PISBA;15;BOYACÁ
572;15572;PUERTO BOYACÁ;15;BOYACÁ
580;15580;QUÍPAMA;15;BOYACÁ
599;15599;RAMIRIQUÍ;15;BOYACÁ
600;15600;RÁQUIRA;15;BOYACÁ
621;15621;RONDÓN;15;BOYACÁ
632;15632;SABOYÁ;15;BOYACÁ
638;15638;SÁCHICA;15;BOYACÁ
646;15646;SAMACÁ;15;BOYACÁ
660;15660;SAN EDUARDO;15;BOYACÁ
664;15664;SAN JOSÉ DE PARE;15;BOYACÁ
667;15667;SAN LUIS DE GACENO;15;BOYACÁ
673;15673;SAN MATEO;15;BOYACÁ
676;15676;SAN MIGUEL DE SEMA;15;BOYACÁ
681;15681;SAN PABLO DE BORBUR;15;BOYACÁ
686;15686;SANTANA;15;BOYACÁ
690;15690;SANTA MARÍA;15;BOYACÁ
693;15693;SANTA ROSA DE VITERBO;15;BOYACÁ
696;15696;SANTA SOFÍA;15;BOYACÁ
720;15720;SATIVANORTE;15;BOYACÁ
723;15723;SATIVASUR;15;BOYACÁ
740;15740;SIACHOQUE;15;BOYACÁ
753;15753;SOATÁ;15;BOYACÁ
755;15755;SOCOTÁ;15;BOYACÁ
757;15757;SOCHA;15;BOYACÁ
759;15759;SOGAMOSO;15;BOYACÁ
761;15761;SOMONDOCO;15;BOYACÁ
762;15762;SORA;15;BOYACÁ
763;15763;SOTAQUIRÁ;15;BOYACÁ
764;15764;SORACÁ;15;BOYACÁ
774;15774;SUSACÓN;15;BOYACÁ
776;15776;SUTAMARCHÁN;15;BOYACÁ
778;15778;SUTATENZA;15;BOYACÁ
790;15790;TASCO;15;BOYACÁ
798;15798;TENZA;15;BOYACÁ
804;15804;TIBANÁ;15;BOYACÁ
806;15806;TIBASOSA;15;BOYACÁ
808;15808;TINJACÁ;15;BOYACÁ
810;15810;TIPACOQUE;15;BOYACÁ
814;15814;TOCA;15;BOYACÁ
816;15816;TOGÜÍ;15;BOYACÁ
820;15820;TÓPAGA;15;BOYACÁ
822;15822;TOTA;15;BOYACÁ
832;15832;TUNUNGUÁ;15;BOYACÁ
835;15835;TURMEQUÉ;15;BOYACÁ
837;15837;TUTA;15;BOYACÁ
839;15839;TUTAZÁ;15;BOYACÁ
842;15842;ÚMBITA;15;BOYACÁ
861;15861;VENTAQUEMADA;15;BOYACÁ
879;15879;VIRACACHÁ;15;BOYACÁ
897;15897;ZETAQUIRA;15;BOYACÁ
1;17001;MANIZALES;17;CALDAS
13;17013;AGUADAS;17;CALDAS
42;17042;ANSERMA;17;CALDAS
50;17050;ARANZAZU;17;CALDAS
88;17088;BELALCÁZAR;17;CALDAS
174;17174;CHINCHINÁ;17;CALDAS
272;17272;FILADELFIA;17;CALDAS
380;17380;LA DORADA;17;CALDAS
388;17388;LA MERCED;17;CALDAS
433;17433;MANZANARES;17;CALDAS
442;17442;MARMATO;17;CALDAS
444;17444;MARQUETALIA;17;CALDAS
446;17446;MARULANDA;17;CALDAS
486;17486;NEIRA;17;CALDAS
495;17495;NORCASIA;17;CALDAS
513;17513;PÁCORA;17;CALDAS
524;17524;PALESTINA;17;CALDAS
541;17541;PENSILVANIA;17;CALDAS
614;17614;RIOSUCIO;17;CALDAS
616;17616;RISARALDA;17;CALDAS
653;17653;SALAMINA;17;CALDAS
662;17662;SAMANÁ;17;CALDAS
665;17665;SAN JOSÉ;17;CALDAS
777;17777;SUPÍA;17;CALDAS
867;17867;VICTORIA;17;CALDAS
873;17873;VILLAMARÍA;17;CALDAS
877;17877;VITERBO;17;CALDAS
1;18001;FLORENCIA;18;CAQUETÁ
29;18029;ALBANIA;18;CAQUETÁ
94;18094;BELÉN DE LOS ANDAQUÍES;18;CAQUETÁ
150;18150;CARTAGENA DEL CHAIRÁ;18;CAQUETÁ
205;18205;CURILLO;18;CAQUETÁ
247;18247;EL DONCELLO;18;CAQUETÁ
256;18256;EL PAUJÍL;18;CAQUETÁ
410;18410;LA MONTAÑITA;18;CAQUETÁ
460;18460;MILÁN;18;CAQUETÁ
479;18479;MORELIA;18;CAQUETÁ
592;18592;PUERTO RICO;18;CAQUETÁ
610;18610;SAN JOSÉ DEL FRAGUA;18;CAQUETÁ
753;18753;SAN VICENTE DEL CAGUÁN;18;CAQUETÁ
756;18756;SOLANO;18;CAQUETÁ
785;18785;SOLITA;18;CAQUETÁ
860;18860;VALPARAÍSO;18;CAQUETÁ
1;19001;POPAYÁN;19;CAUCA
22;19022;ALMAGUER;19;CAUCA
50;19050;ARGELIA;19;CAUCA
75;19075;BALBOA;19;CAUCA
100;19100;BOLÍVAR;19;CAUCA
110;19110;BUENOS AIRES;19;CAUCA
130;19130;CAJIBÍO;19;CAUCA
137;19137;CALDONO;19;CAUCA
142;19142;CALOTO;19;CAUCA
212;19212;CORINTO;19;CAUCA
256;19256;EL TAMBO;19;CAUCA
290;19290;FLORENCIA;19;CAUCA
300;19300;GUACHENÉ;19;CAUCA
318;19318;GUAPI;19;CAUCA
355;19355;INZÁ;19;CAUCA
364;19364;JAMBALÓ;19;CAUCA
392;19392;LA SIERRA;19;CAUCA
397;19397;LA VEGA;19;CAUCA
418;19418;LÓPEZ DE MICAY;19;CAUCA
450;19450;MERCADERES;19;CAUCA
455;19455;MIRANDA;19;CAUCA
473;19473;MORALES;19;CAUCA
513;19513;PADILLA;19;CAUCA
517;19517;PÁEZ;19;CAUCA
532;19532;PATÍA;19;CAUCA
533;19533;PIAMONTE;19;CAUCA
548;19548;PIENDAMÓ - TUNÍA;19;CAUCA
573;19573;PUERTO TEJADA;19;CAUCA
585;19585;PURACÉ;19;CAUCA
622;19622;ROSAS;19;CAUCA
693;19693;SAN SEBASTIÁN;19;CAUCA
698;19698;SANTANDER DE QUILICHAO;19;CAUCA
701;19701;SANTA ROSA;19;CAUCA
743;19743;SILVIA;19;CAUCA
760;19760;SOTARÁ PAISPAMBA;19;CAUCA
780;19780;SUÁREZ;19;CAUCA
785;19785;SUCRE;19;CAUCA
807;19807;TIMBÍO;19;CAUCA
809;19809;TIMBIQUÍ;19;CAUCA
821;19821;TORIBÍO;19;CAUCA
824;19824;TOTORÓ;19;CAUCA
845;19845;VILLA RICA;19;CAUCA
1;20001;VALLEDUPAR;20;CESAR
11;20011;AGUACHICA;20;CESAR
13;20013;AGUSTÍN CODAZZI;20;CESAR
32;20032;ASTREA;20;CESAR
45;20045;BECERRIL;20;CESAR
60;20060;BOSCONIA;20;CESAR
175;20175;CHIMICHAGUA;20;CESAR
178;20178;CHIRIGUANÁ;20;CESAR
228;20228;CURUMANÍ;20;CESAR
238;20238;EL COPEY;20;CESAR
250;20250;EL PASO;20;CESAR
295;20295;GAMARRA;20;CESAR
310;20310;GONZÁLEZ;20;CESAR
383;20383;LA GLORIA;20;CESAR
400;20400;LA JAGUA DE IBIRICO;20;CESAR
443;20443;MANAURE BALCÓN DEL CESAR;20;CESAR
517;20517;PAILITAS;20;CESAR
550;20550;PELAYA;20;CESAR
570;20570;PUEBLO BELLO;20;CESAR
614;20614;RÍO DE ORO;20;CESAR
621;20621;LA PAZ;20;CESAR
710;20710;SAN ALBERTO;20;CESAR
750;20750;SAN DIEGO;20;CESAR
770;20770;SAN MARTÍN;20;CESAR
787;20787;TAMALAMEQUE;20;CESAR
1;23001;MONTERÍA;23;CÓRDOBA
68;23068;AYAPEL;23;CÓRDOBA
79;23079;BUENAVISTA;23;CÓRDOBA
90;23090;CANALETE;23;CÓRDOBA
162;23162;CERETÉ;23;CÓRDOBA
168;23168;CHIMÁ;23;CÓRDOBA
182;23182;CHINÚ;23;CÓRDOBA
189;23189;CIÉNAGA DE ORO;23;CÓRDOBA
300;23300;COTORRA;23;CÓRDOBA
350;23350;LA APARTADA;23;CÓRDOBA
417;23417;LORICA;23;CÓRDOBA
419;23419;LOS CÓRDOBAS;23;CÓRDOBA
464;23464;MOMIL;23;CÓRDOBA
466;23466;MONTELÍBANO;23;CÓRDOBA
500;23500;MOÑITOS;23;CÓRDOBA
555;23555;PLANETA RICA;23;CÓRDOBA
570;23570;PUEBLO NUEVO;23;CÓRDOBA
574;23574;PUERTO ESCONDIDO;23;CÓRDOBA
580;23580;PUERTO LIBERTADOR;23;CÓRDOBA
586;23586;PURÍSIMA DE LA CONCEPCIÓN;23;CÓRDOBA
660;23660;SAHAGÚN;23;CÓRDOBA
670;23670;SAN ANDRÉS DE SOTAVENTO;23;CÓRDOBA
672;23672;SAN ANTERO;23;CÓRDOBA
675;23675;SAN BERNARDO DEL VIENTO;23;CÓRDOBA
678;23678;SAN CARLOS;23;CÓRDOBA
682;23682;SAN JOSÉ DE URÉ;23;CÓRDOBA
686;23686;SAN PELAYO;23;CÓRDOBA
807;23807;TIERRALTA;23;CÓRDOBA
815;23815;TUCHÍN;23;CÓRDOBA
855;23855;VALENCIA;23;CÓRDOBA
1;25001;AGUA DE DIOS;25;CUNDINAMARCA
19;25019;ALBÁN;25;CUNDINAMARCA
35;25035;ANAPOIMA;25;CUNDINAMARCA
40;25040;ANOLAIMA;25;CUNDINAMARCA
53;25053;ARBELÁEZ;25;CUNDINAMARCA
86;25086;BELTRÁN;25;CUNDINAMARCA
95;25095;BITUIMA;25;CUNDINAMARCA
99;25099;BOJACÁ;25;CUNDINAMARCA
120;25120;CABRERA;25;CUNDINAMARCA
123;25123;CACHIPAY;25;CUNDINAMARCA
126;25126;CAJICÁ;25;CUNDINAMARCA
148;25148;CAPARRAPÍ;25;CUNDINAMARCA
151;25151;CÁQUEZA;25;CUNDINAMARCA
154;25154;CARMEN DE CARUPA;25;CUNDINAMARCA
168;25168;CHAGUANÍ;25;CUNDINAMARCA
175;25175;CHÍA;25;CUNDINAMARCA
178;25178;CHIPAQUE;25;CUNDINAMARCA
181;25181;CHOACHÍ;25;CUNDINAMARCA
183;25183;CHOCONTÁ;25;CUNDINAMARCA
200;25200;COGUA;25;CUNDINAMARCA
214;25214;COTA;25;CUNDINAMARCA
224;25224;CUCUNUBÁ;25;CUNDINAMARCA
245;25245;EL COLEGIO;25;CUNDINAMARCA
258;25258;EL PEÑÓN;25;CUNDINAMARCA
260;25260;EL ROSAL;25;CUNDINAMARCA
269;25269;FACATATIVÁ;25;CUNDINAMARCA
279;25279;FÓMEQUE;25;CUNDINAMARCA
281;25281;FOSCA;25;CUNDINAMARCA
286;25286;FUNZA;25;CUNDINAMARCA
288;25288;FÚQUENE;25;CUNDINAMARCA
290;25290;FUSAGASUGÁ;25;CUNDINAMARCA
293;25293;GACHALÁ;25;CUNDINAMARCA
295;25295;GACHANCIPÁ;25;CUNDINAMARCA
297;25297;GACHETÁ;25;CUNDINAMARCA
299;25299;GAMA;25;CUNDINAMARCA
307;25307;GIRARDOT;25;CUNDINAMARCA
312;25312;GRANADA;25;CUNDINAMARCA
317;25317;GUACHETÁ;25;CUNDINAMARCA
320;25320;GUADUAS;25;CUNDINAMARCA
322;25322;GUASCA;25;CUNDINAMARCA
324;25324;GUATAQUÍ;25;CUNDINAMARCA
326;25326;GUATAVITA;25;CUNDINAMARCA
328;25328;GUAYABAL DE SÍQUIMA;25;CUNDINAMARCA
335;25335;GUAYABETAL;25;CUNDINAMARCA
339;25339;GUTIÉRREZ;25;CUNDINAMARCA
368;25368;JERUSALÉN;25;CUNDINAMARCA
372;25372;JUNÍN;25;CUNDINAMARCA
377;25377;LA CALERA;25;CUNDINAMARCA
386;25386;LA MESA;25;CUNDINAMARCA
394;25394;LA PALMA;25;CUNDINAMARCA
398;25398;LA PEÑA;25;CUNDINAMARCA
402;25402;LA VEGA;25;CUNDINAMARCA
407;25407;LENGUAZAQUE;25;CUNDINAMARCA
426;25426;MACHETÁ;25;CUNDINAMARCA
430;25430;MADRID;25;CUNDINAMARCA
436;25436;MANTA;25;CUNDINAMARCA
438;25438;MEDINA;25;CUNDINAMARCA
473;25473;MOSQUERA;25;CUNDINAMARCA
483;25483;NARIÑO;25;CUNDINAMARCA
486;25486;NEMOCÓN;25;CUNDINAMARCA
488;25488;NILO;25;CUNDINAMARCA
489;25489;NIMAIMA;25;CUNDINAMARCA
491;25491;NOCAIMA;25;CUNDINAMARCA
506;25506;VENECIA;25;CUNDINAMARCA
513;25513;PACHO;25;CUNDINAMARCA
518;25518;PAIME;25;CUNDINAMARCA
524;25524;PANDI;25;CUNDINAMARCA
530;25530;PARATEBUENO;25;CUNDINAMARCA
535;25535;PASCA;25;CUNDINAMARCA
572;25572;PUERTO SALGAR;25;CUNDINAMARCA
580;25580;PULÍ;25;CUNDINAMARCA
592;25592;QUEBRADANEGRA;25;CUNDINAMARCA
594;25594;QUETAME;25;CUNDINAMARCA
596;25596;QUIPILE;25;CUNDINAMARCA
599;25599;APULO;25;CUNDINAMARCA
612;25612;RICAURTE;25;CUNDINAMARCA
645;25645;SAN ANTONIO DEL TEQUENDAMA;25;CUNDINAMARCA
649;25649;SAN BERNARDO;25;CUNDINAMARCA
653;25653;SAN CAYETANO;25;CUNDINAMARCA
658;25658;SAN FRANCISCO;25;CUNDINAMARCA
662;25662;SAN JUAN DE RIOSECO;25;CUNDINAMARCA
718;25718;SASAIMA;25;CUNDINAMARCA
736;25736;SESQUILÉ;25;CUNDINAMARCA
740;25740;SIBATÉ;25;CUNDINAMARCA
743;25743;SILVANIA;25;CUNDINAMARCA
745;25745;SIMIJACA;25;CUNDINAMARCA
754;25754;SOACHA;25;CUNDINAMARCA
758;25758;SOPÓ;25;CUNDINAMARCA
769;25769;SUBACHOQUE;25;CUNDINAMARCA
772;25772;SUESCA;25;CUNDINAMARCA
777;25777;SUPATÁ;25;CUNDINAMARCA
779;25779;SUSA;25;CUNDINAMARCA
781;25781;SUTATAUSA;25;CUNDINAMARCA
785;25785;TABIO;25;CUNDINAMARCA
793;25793;TAUSA;25;CUNDINAMARCA
797;25797;TENA;25;CUNDINAMARCA
799;25799;TENJO;25;CUNDINAMARCA
805;25805;TIBACUY;25;CUNDINAMARCA
807;25807;TIBIRITA;25;CUNDINAMARCA
815;25815;TOCAIMA;25;CUNDINAMARCA
817;25817;TOCANCIPÁ;25;CUNDINAMARCA
823;25823;TOPAIPÍ;25;CUNDINAMARCA
839;25839;UBALÁ;25;CUNDINAMARCA
841;25841;UBAQUE;25;CUNDINAMARCA
843;25843;VILLA DE SAN DIEGO DE UBATÉ;25;CUNDINAMARCA
845;25845;UNE;25;CUNDINAMARCA
851;25851;ÚTICA;25;CUNDINAMARCA
862;25862;VERGARA;25;CUNDINAMARCA
867;25867;VIANÍ;25;CUNDINAMARCA
871;25871;VILLAGÓMEZ;25;CUNDINAMARCA
873;25873;VILLAPINZÓN;25;CUNDINAMARCA
875;25875;VILLETA;25;CUNDINAMARCA
878;25878;VIOTÁ;25;CUNDINAMARCA
885;25885;YACOPÍ;25;CUNDINAMARCA
898;25898;ZIPACÓN;25;CUNDINAMARCA
899;25899;ZIPAQUIRÁ;25;CUNDINAMARCA
1;27001;QUIBDÓ;27;CHOCÓ
6;27006;ACANDÍ;27;CHOCÓ
25;27025;ALTO BAUDÓ;27;CHOCÓ
50;27050;ATRATO;27;CHOCÓ
73;27073;BAGADÓ;27;CHOCÓ
75;27075;BAHÍA SOLANO;27;CHOCÓ
77;27077;BAJO BAUDÓ;27;CHOCÓ
99;27099;BOJAYÁ;27;CHOCÓ
135;27135;EL CANTÓN DEL SAN PABLO;27;CHOCÓ
150;27150;CARMEN DEL DARIÉN;27;CHOCÓ
160;27160;CÉRTEGUI;27;CHOCÓ
205;27205;CONDOTO;27;CHOCÓ
245;27245;EL CARMEN DE ATRATO;27;CHOCÓ
250;27250;EL LITORAL DEL SAN JUAN;27;CHOCÓ
361;27361;ISTMINA;27;CHOCÓ
372;27372;JURADÓ;27;CHOCÓ
413;27413;LLORÓ;27;CHOCÓ
425;27425;MEDIO ATRATO;27;CHOCÓ
430;27430;MEDIO BAUDÓ;27;CHOCÓ
450;27450;MEDIO SAN JUAN;27;CHOCÓ
491;27491;NÓVITA;27;CHOCÓ
495;27495;NUQUÍ;27;CHOCÓ
580;27580;RÍO IRÓ;27;CHOCÓ
600;27600;RÍO QUITO;27;CHOCÓ
615;27615;RIOSUCIO;27;CHOCÓ
660;27660;SAN JOSÉ DEL PALMAR;27;CHOCÓ
745;27745;SIPÍ;27;CHOCÓ
787;27787;TADÓ;27;CHOCÓ
800;27800;UNGUÍA;27;CHOCÓ
810;27810;UNIÓN PANAMERICANA;27;CHOCÓ
1;41001;NEIVA;41;HUILA
6;41006;ACEVEDO;41;HUILA
13;41013;AGRADO;41;HUILA
16;41016;AIPE;41;HUILA
20;41020;ALGECIRAS;41;HUILA
26;41026;ALTAMIRA;41;HUILA
78;41078;BARAYA;41;HUILA
132;41132;CAMPOALEGRE;41;HUILA
206;41206;COLOMBIA;41;HUILA
244;41244;ELÍAS;41;HUILA
298;41298;GARZÓN;41;HUILA
306;41306;GIGANTE;41;HUILA
319;41319;GUADALUPE;41;HUILA
349;41349;HOBO;41;HUILA
357;41357;ÍQUIRA;41;HUILA
359;41359;ISNOS;41;HUILA
378;41378;LA ARGENTINA;41;HUILA
396;41396;LA PLATA;41;HUILA
483;41483;NÁTAGA;41;HUILA
503;41503;OPORAPA;41;HUILA
518;41518;PAICOL;41;HUILA
524;41524;PALERMO;41;HUILA
530;41530;PALESTINA;41;HUILA
548;41548;PITAL;41;HUILA
551;41551;PITALITO;41;HUILA
615;41615;RIVERA;41;HUILA
660;41660;SALADOBLANCO;41;HUILA
668;41668;SAN AGUSTÍN;41;HUILA
676;41676;SANTA MARÍA;41;HUILA
770;41770;SUAZA;41;HUILA
791;41791;TARQUI;41;HUILA
797;41797;TESALIA;41;HUILA
799;41799;TELLO;41;HUILA
801;41801;TERUEL;41;HUILA
807;41807;TIMANÁ;41;HUILA
872;41872;VILLAVIEJA;41;HUILA
885;41885;YAGUARÁ;41;HUILA
1;44001;RIOHACHA;44;LA GUAJIRA
35;44035;ALBANIA;44;LA GUAJIRA
78;44078;BARRANCAS;44;LA GUAJIRA
90;44090;DIBULLA;44;LA GUAJIRA
98;44098;DISTRACCIÓN;44;LA GUAJIRA
110;44110;EL MOLINO;44;LA GUAJIRA
279;44279;FONSECA;44;LA GUAJIRA
378;44378;HATONUEVO;44;LA GUAJIRA
420;44420;LA JAGUA DEL PILAR;44;LA GUAJIRA
430;44430;MAICAO;44;LA GUAJIRA
560;44560;MANAURE;44;LA GUAJIRA
650;44650;SAN JUAN DEL CESAR;44;LA GUAJIRA
847;44847;URIBIA;44;LA GUAJIRA
855;44855;URUMITA;44;LA GUAJIRA
874;44874;VILLANUEVA;44;LA GUAJIRA
1;47001;SANTA MARTA;47;MAGDALENA
30;47030;ALGARROBO;47;MAGDALENA
53;47053;ARACATACA;47;MAGDALENA
58;47058;ARIGUANÍ;47;MAGDALENA
161;47161;CERRO DE SAN ANTONIO;47;MAGDALENA
170;47170;CHIVOLO;47;MAGDALENA
189;47189;CIÉNAGA;47;MAGDALENA
205;47205;CONCORDIA;47;MAGDALENA
245;47245;EL BANCO;47;MAGDALENA
258;47258;EL PIÑÓN;47;MAGDALENA
268;47268;EL RETÉN;47;MAGDALENA
288;47288;FUNDACIÓN;47;MAGDALENA
318;47318;GUAMAL;47;MAGDALENA
460;47460;NUEVA GRANADA;47;MAGDALENA
541;47541;PEDRAZA;47;MAGDALENA
545;47545;PIJIÑO DEL CARMEN;47;MAGDALENA
551;47551;PIVIJAY;47;MAGDALENA
555;47555;PLATO;47;MAGDALENA
570;47570;PUEBLOVIEJO;47;MAGDALENA
605;47605;REMOLINO;47;MAGDALENA
660;47660;SABANAS DE SAN ÁNGEL;47;MAGDALENA
675;47675;SALAMINA;47;MAGDALENA
692;47692;SAN SEBASTIÁN DE BUENAVISTA;47;MAGDALENA
703;47703;SAN ZENÓN;47;MAGDALENA
707;47707;SANTA ANA;47;MAGDALENA
720;47720;SANTA BÁRBARA DE PINTO;47;MAGDALENA
745;47745;SITIONUEVO;47;MAGDALENA
798;47798;TENERIFE;47;MAGDALENA
960;47960;ZAPAYÁN;47;MAGDALENA
980;47980;ZONA BANANERA;47;MAGDALENA
1;50001;VILLAVICENCIO;50;META
6;50006;ACACÍAS;50;META
110;50110;BARRANCA DE UPÍA;50;META
124;50124;CABUYARO;50;META
150;50150;CASTILLA LA NUEVA;50;META
223;50223;CUBARRAL;50;META
226;50226;CUMARAL;50;META
245;50245;EL CALVARIO;50;META
251;50251;EL CASTILLO;50;META
270;50270;EL DORADO;50;META
287;50287;FUENTE DE ORO;50;META
313;50313;GRANADA;50;META
318;50318;GUAMAL;50;META
325;50325;MAPIRIPÁN;50;META
330;50330;MESETAS;50;META
350;50350;LA MACARENA;50;META
370;50370;URIBE;50;META
400;50400;LEJANÍAS;50;META
450;50450;PUERTO CONCORDIA;50;META
568;50568;PUERTO GAITÁN;50;META
573;50573;PUERTO LÓPEZ;50;META
577;50577;PUERTO LLERAS;50;META
590;50590;PUERTO RICO;50;META
606;50606;RESTREPO;50;META
680;50680;SAN CARLOS DE GUAROA;50;META
683;50683;SAN JUAN DE ARAMA;50;META
686;50686;SAN JUANITO;50;META
689;50689;SAN MARTÍN;50;META
711;50711;VISTAHERMOSA;50;META
1;52001;PASTO;52;NARIÑO
19;52019;ALBÁN;52;NARIÑO
22;52022;ALDANA;52;NARIÑO
36;52036;ANCUYA;52;NARIÑO
51;52051;ARBOLEDA;52;NARIÑO
79;52079;BARBACOAS;52;NARIÑO
83;52083;BELÉN;52;NARIÑO
110;52110;BUESACO;52;NARIÑO
203;52203;COLÓN;52;NARIÑO
207;52207;CONSACÁ;52;NARIÑO
210;52210;CONTADERO;52;NARIÑO
215;52215;CÓRDOBA;52;NARIÑO
224;52224;CUASPUD CARLOSAMA;52;NARIÑO
227;52227;CUMBAL;52;NARIÑO
233;52233;CUMBITARA;52;NARIÑO
240;52240;CHACHAGÜÍ;52;NARIÑO
250;52250;EL CHARCO;52;NARIÑO
254;52254;EL PEÑOL;52;NARIÑO
256;52256;EL ROSARIO;52;NARIÑO
258;52258;EL TABLÓN DE GÓMEZ;52;NARIÑO
260;52260;EL TAMBO;52;NARIÑO
287;52287;FUNES;52;NARIÑO
317;52317;GUACHUCAL;52;NARIÑO
320;52320;GUAITARILLA;52;NARIÑO
323;52323;GUALMATÁN;52;NARIÑO
352;52352;ILES;52;NARIÑO
354;52354;IMUÉS;52;NARIÑO
356;52356;IPIALES;52;NARIÑO
378;52378;LA CRUZ;52;NARIÑO
381;52381;LA FLORIDA;52;NARIÑO
385;52385;LA LLANADA;52;NARIÑO
390;52390;LA TOLA;52;NARIÑO
399;52399;LA UNIÓN;52;NARIÑO
405;52405;LEIVA;52;NARIÑO
411;52411;LINARES;52;NARIÑO
418;52418;LOS ANDES;52;NARIÑO
427;52427;MAGÜÍ;52;NARIÑO
435;52435;MALLAMA;52;NARIÑO
473;52473;MOSQUERA;52;NARIÑO
480;52480;NARIÑO;52;NARIÑO
490;52490;OLAYA HERRERA;52;NARIÑO
506;52506;OSPINA;52;NARIÑO
520;52520;FRANCISCO PIZARRO;52;NARIÑO
540;52540;POLICARPA;52;NARIÑO
560;52560;POTOSÍ;52;NARIÑO
565;52565;PROVIDENCIA;52;NARIÑO
573;52573;PUERRES;52;NARIÑO
585;52585;PUPIALES;52;NARIÑO
612;52612;RICAURTE;52;NARIÑO
621;52621;ROBERTO PAYÁN;52;NARIÑO
678;52678;SAMANIEGO;52;NARIÑO
683;52683;SANDONÁ;52;NARIÑO
685;52685;SAN BERNARDO;52;NARIÑO
687;52687;SAN LORENZO;52;NARIÑO
693;52693;SAN PABLO;52;NARIÑO
694;52694;SAN PEDRO DE CARTAGO;52;NARIÑO
696;52696;SANTA BÁRBARA;52;NARIÑO
699;52699;SANTACRUZ;52;NARIÑO
720;52720;SAPUYES;52;NARIÑO
786;52786;TAMINANGO;52;NARIÑO
788;52788;TANGUA;52;NARIÑO
835;52835;SAN ANDRÉS DE TUMACO;52;NARIÑO
838;52838;TÚQUERRES;52;NARIÑO
885;52885;YACUANQUER;52;NARIÑO
1;54001;CÚCUTA;54;NORTE DE SANTANDER
3;54003;ÁBREGO;54;NORTE DE SANTANDER
51;54051;ARBOLEDAS;54;NORTE DE SANTANDER
99;54099;BOCHALEMA;54;NORTE DE SANTANDER
109;54109;BUCARASICA;54;NORTE DE SANTANDER
125;54125;CÁCOTA;54;NORTE DE SANTANDER
128;54128;CÁCHIRA;54;NORTE DE SANTANDER
172;54172;CHINÁCOTA;54;NORTE DE SANTANDER
174;54174;CHITAGÁ;54;NORTE DE SANTANDER
206;54206;CONVENCIÓN;54;NORTE DE SANTANDER
223;54223;CUCUTILLA;54;NORTE DE SANTANDER
239;54239;DURANIA;54;NORTE DE SANTANDER
245;54245;EL CARMEN;54;NORTE DE SANTANDER
250;54250;EL TARRA;54;NORTE DE SANTANDER
261;54261;EL ZULIA;54;NORTE DE SANTANDER
313;54313;GRAMALOTE;54;NORTE DE SANTANDER
344;54344;HACARÍ;54;NORTE DE SANTANDER
347;54347;HERRÁN;54;NORTE DE SANTANDER
377;54377;LABATECA;54;NORTE DE SANTANDER
385;54385;LA ESPERANZA;54;NORTE DE SANTANDER
398;54398;LA PLAYA;54;NORTE DE SANTANDER
405;54405;LOS PATIOS;54;NORTE DE SANTANDER
418;54418;LOURDES;54;NORTE DE SANTANDER
480;54480;MUTISCUA;54;NORTE DE SANTANDER
498;54498;OCAÑA;54;NORTE DE SANTANDER
518;54518;PAMPLONA;54;NORTE DE SANTANDER
520;54520;PAMPLONITA;54;NORTE DE SANTANDER
553;54553;PUERTO SANTANDER;54;NORTE DE SANTANDER
599;54599;RAGONVALIA;54;NORTE DE SANTANDER
660;54660;SALAZAR;54;NORTE DE SANTANDER
670;54670;SAN CALIXTO;54;NORTE DE SANTANDER
673;54673;SAN CAYETANO;54;NORTE DE SANTANDER
680;54680;SANTIAGO;54;NORTE DE SANTANDER
720;54720;SARDINATA;54;NORTE DE SANTANDER
743;54743;SILOS;54;NORTE DE SANTANDER
800;54800;TEORAMA;54;NORTE DE SANTANDER
810;54810;TIBÚ;54;NORTE DE SANTANDER
820;54820;TOLEDO;54;NORTE DE SANTANDER
871;54871;VILLA CARO;54;NORTE DE SANTANDER
874;54874;VILLA DEL ROSARIO;54;NORTE DE SANTANDER
1;63001;ARMENIA;63;QUINDÍO
111;63111;BUENAVISTA;63;QUINDÍO
130;63130;CALARCÁ;63;QUINDÍO
190;63190;CIRCASIA;63;QUINDÍO
212;63212;CÓRDOBA;63;QUINDÍO
272;63272;FILANDIA;63;QUINDÍO
302;63302;GÉNOVA;63;QUINDÍO
401;63401;LA TEBAIDA;63;QUINDÍO
470;63470;MONTENEGRO;63;QUINDÍO
548;63548;PIJAO;63;QUINDÍO
594;63594;QUIMBAYA;63;QUINDÍO
690;63690;SALENTO;63;QUINDÍO
1;66001;PEREIRA;66;RISARALDA
45;66045;APÍA;66;RISARALDA
75;66075;BALBOA;66;RISARALDA
88;66088;BELÉN DE UMBRÍA;66;RISARALDA
170;66170;DOSQUEBRADAS;66;RISARALDA
318;66318;GUÁTICA;66;RISARALDA
383;66383;LA CELIA;66;RISARALDA
400;66400;LA VIRGINIA;66;RISARALDA
440;66440;MARSELLA;66;RISARALDA
456;66456;MISTRATÓ;66;RISARALDA
572;66572;PUEBLO RICO;66;RISARALDA
594;66594;QUINCHÍA;66;RISARALDA
682;66682;SANTA ROSA DE CABAL;66;RISARALDA
687;66687;SANTUARIO;66;RISARALDA
1;68001;BUCARAMANGA;68;SANTANDER
13;68013;AGUADA;68;SANTANDER
20;68020;ALBANIA;68;SANTANDER
51;68051;ARATOCA;68;SANTANDER
77;68077;BARBOSA;68;SANTANDER
79;68079;BARICHARA;68;SANTANDER
81;68081;BARRANCABERMEJA;68;SANTANDER
92;68092;BETULIA;68;SANTANDER
101;68101;BOLÍVAR;68;SANTANDER
121;68121;CABRERA;68;SANTANDER
132;68132;CALIFORNIA;68;SANTANDER
147;68147;CAPITANEJO;68;SANTANDER
152;68152;CARCASÍ;68;SANTANDER
160;68160;CEPITÁ;68;SANTANDER
162;68162;CERRITO;68;SANTANDER
167;68167;CHARALÁ;68;SANTANDER
169;68169;CHARTA;68;SANTANDER
176;68176;CHIMA;68;SANTANDER
179;68179;CHIPATÁ;68;SANTANDER
190;68190;CIMITARRA;68;SANTANDER
207;68207;CONCEPCIÓN;68;SANTANDER
209;68209;CONFINES;68;SANTANDER
211;68211;CONTRATACIÓN;68;SANTANDER
217;68217;COROMORO;68;SANTANDER
229;68229;CURITÍ;68;SANTANDER
235;68235;EL CARMEN DE CHUCURI;68;SANTANDER
245;68245;EL GUACAMAYO;68;SANTANDER
250;68250;EL PEÑÓN;68;SANTANDER
255;68255;EL PLAYÓN;68;SANTANDER
264;68264;ENCINO;68;SANTANDER
266;68266;ENCISO;68;SANTANDER
271;68271;FLORIÁN;68;SANTANDER
276;68276;FLORIDABLANCA;68;SANTANDER
296;68296;GALÁN;68;SANTANDER
298;68298;GÁMBITA;68;SANTANDER
307;68307;GIRÓN;68;SANTANDER
318;68318;GUACA;68;SANTANDER
320;68320;GUADALUPE;68;SANTANDER
322;68322;GUAPOTÁ;68;SANTANDER
324;68324;GUAVATÁ;68;SANTANDER
327;68327;GÜEPSA;68;SANTANDER
344;68344;HATO;68;SANTANDER
368;68368;JESÚS MARÍA;68;SANTANDER
370;68370;JORDÁN;68;SANTANDER
377;68377;LA BELLEZA;68;SANTANDER
385;68385;LANDÁZURI;68;SANTANDER
397;68397;LA PAZ;68;SANTANDER
406;68406;LEBRIJA;68;SANTANDER
418;68418;LOS SANTOS;68;SANTANDER
425;68425;MACARAVITA;68;SANTANDER
432;68432;MÁLAGA;68;SANTANDER
444;68444;MATANZA;68;SANTANDER
464;68464;MOGOTES;68;SANTANDER
468;68468;MOLAGAVITA;68;SANTANDER
498;68498;OCAMONTE;68;SANTANDER
500;68500;OIBA;68;SANTANDER
502;68502;ONZAGA;68;SANTANDER
522;68522;PALMAR;68;SANTANDER
524;68524;PALMAS DEL SOCORRO;68;SANTANDER
533;68533;PÁRAMO;68;SANTANDER
547;68547;PIEDECUESTA;68;SANTANDER
549;68549;PINCHOTE;68;SANTANDER
572;68572;PUENTE NACIONAL;68;SANTANDER
573;68573;PUERTO PARRA;68;SANTANDER
575;68575;PUERTO WILCHES;68;SANTANDER
615;68615;RIONEGRO;68;SANTANDER
655;68655;SABANA DE TORRES;68;SANTANDER
669;68669;SAN ANDRÉS;68;SANTANDER
673;68673;SAN BENITO;68;SANTANDER
679;68679;SAN GIL;68;SANTANDER
682;68682;SAN JOAQUÍN;68;SANTANDER
684;68684;SAN JOSÉ DE MIRANDA;68;SANTANDER
686;68686;SAN MIGUEL;68;SANTANDER
689;68689;SAN VICENTE DE CHUCURÍ;68;SANTANDER
705;68705;SANTA BÁRBARA;68;SANTANDER
720;68720;SANTA HELENA DEL OPÓN;68;SANTANDER
745;68745;SIMACOTA;68;SANTANDER
755;68755;SOCORRO;68;SANTANDER
770;68770;SUAITA;68;SANTANDER
773;68773;SUCRE;68;SANTANDER
780;68780;SURATÁ;68;SANTANDER
820;68820;TONA;68;SANTANDER
855;68855;VALLE DE SAN JOSÉ;68;SANTANDER
861;68861;VÉLEZ;68;SANTANDER
867;68867;VETAS;68;SANTANDER
872;68872;VILLANUEVA;68;SANTANDER
895;68895;ZAPATOCA;68;SANTANDER
1;70001;SINCELEJO;70;SUCRE
110;70110;BUENAVISTA;70;SUCRE
124;70124;CAIMITO;70;SUCRE
204;70204;COLOSÓ;70;SUCRE
215;70215;COROZAL;70;SUCRE
221;70221;COVEÑAS;70;SUCRE
230;70230;CHALÁN;70;SUCRE
233;70233;EL ROBLE;70;SUCRE
235;70235;GALERAS;70;SUCRE
265;70265;GUARANDA;70;SUCRE
400;70400;LA UNIÓN;70;SUCRE
418;70418;LOS PALMITOS;70;SUCRE
429;70429;MAJAGUAL;70;SUCRE
473;70473;MORROA;70;SUCRE
508;70508;OVEJAS;70;SUCRE
523;70523;PALMITO;70;SUCRE
670;70670;SAMPUÉS;70;SUCRE
678;70678;SAN BENITO ABAD;70;SUCRE
702;70702;SAN JUAN DE BETULIA;70;SUCRE
708;70708;SAN MARCOS;70;SUCRE
713;70713;SAN ONOFRE;70;SUCRE
717;70717;SAN PEDRO;70;SUCRE
742;70742;SAN LUIS DE SINCÉ;70;SUCRE
771;70771;SUCRE;70;SUCRE
820;70820;SANTIAGO DE TOLÚ;70;SUCRE
823;70823;SAN JOSÉ DE TOLUVIEJO;70;SUCRE
1;73001;IBAGUÉ;73;TOLIMA
24;73024;ALPUJARRA;73;TOLIMA
26;73026;ALVARADO;73;TOLIMA
30;73030;AMBALEMA;73;TOLIMA
43;73043;ANZOÁTEGUI;73;TOLIMA
55;73055;ARMERO;73;TOLIMA
67;73067;ATACO;73;TOLIMA
124;73124;CAJAMARCA;73;TOLIMA
148;73148;CARMEN DE APICALÁ;73;TOLIMA
152;73152;CASABIANCA;73;TOLIMA
168;73168;CHAPARRAL;73;TOLIMA
200;73200;COELLO;73;TOLIMA
217;73217;COYAIMA;73;TOLIMA
226;73226;CUNDAY;73;TOLIMA
236;73236;DOLORES;73;TOLIMA
268;73268;ESPINAL;73;TOLIMA
270;73270;FALAN;73;TOLIMA
275;73275;FLANDES;73;TOLIMA
283;73283;FRESNO;73;TOLIMA
319;73319;GUAMO;73;TOLIMA
347;73347;HERVEO;73;TOLIMA
349;73349;HONDA;73;TOLIMA
352;73352;ICONONZO;73;TOLIMA
408;73408;LÉRIDA;73;TOLIMA
411;73411;LÍBANO;73;TOLIMA
443;73443;SAN SEBASTIÁN DE MARIQUITA;73;TOLIMA
449;73449;MELGAR;73;TOLIMA
461;73461;MURILLO;73;TOLIMA
483;73483;NATAGAIMA;73;TOLIMA
504;73504;ORTEGA;73;TOLIMA
520;73520;PALOCABILDO;73;TOLIMA
547;73547;PIEDRAS;73;TOLIMA
555;73555;PLANADAS;73;TOLIMA
563;73563;PRADO;73;TOLIMA
585;73585;PURIFICACIÓN;73;TOLIMA
616;73616;RIOBLANCO;73;TOLIMA
622;73622;RONCESVALLES;73;TOLIMA
624;73624;ROVIRA;73;TOLIMA
671;73671;SALDAÑA;73;TOLIMA
675;73675;SAN ANTONIO;73;TOLIMA
678;73678;SAN LUIS;73;TOLIMA
686;73686;SANTA ISABEL;73;TOLIMA
770;73770;SUÁREZ;73;TOLIMA
854;73854;VALLE DE SAN JUAN;73;TOLIMA
861;73861;VENADILLO;73;TOLIMA
870;73870;VILLAHERMOSA;73;TOLIMA
873;73873;VILLARRICA;73;TOLIMA
1;76001;CALI;76;VALLE DEL CAUCA
20;76020;ALCALÁ;76;VALLE DEL CAUCA
36;76036;ANDALUCÍA;76;VALLE DEL CAUCA
41;76041;ANSERMANUEVO;76;VALLE DEL CAUCA
54;76054;ARGELIA;76;VALLE DEL CAUCA
100;76100;BOLÍVAR;76;VALLE DEL CAUCA
109;76109;BUENAVENTURA;76;VALLE DEL CAUCA
111;76111;GUADALAJARA DE BUGA;76;VALLE DEL CAUCA
113;76113;BUGALAGRANDE;76;VALLE DEL CAUCA
122;76122;CAICEDONIA;76;VALLE DEL CAUCA
126;76126;CALIMA;76;VALLE DEL CAUCA
130;76130;CANDELARIA;76;VALLE DEL CAUCA
147;76147;CARTAGO;76;VALLE DEL CAUCA
233;76233;DAGUA;76;VALLE DEL CAUCA
243;76243;EL ÁGUILA;76;VALLE DEL CAUCA
246;76246;EL CAIRO;76;VALLE DEL CAUCA
248;76248;EL CERRITO;76;VALLE DEL CAUCA
250;76250;EL DOVIO;76;VALLE DEL CAUCA
275;76275;FLORIDA;76;VALLE DEL CAUCA
306;76306;GINEBRA;76;VALLE DEL CAUCA
318;76318;GUACARÍ;76;VALLE DEL CAUCA
364;76364;JAMUNDÍ;76;VALLE DEL CAUCA
377;76377;LA CUMBRE;76;VALLE DEL CAUCA
400;76400;LA UNIÓN;76;VALLE DEL CAUCA
403;76403;LA VICTORIA;76;VALLE DEL CAUCA
497;76497;OBANDO;76;VALLE DEL CAUCA
520;76520;PALMIRA;76;VALLE DEL CAUCA
563;76563;PRADERA;76;VALLE DEL CAUCA
606;76606;RESTREPO;76;VALLE DEL CAUCA
616;76616;RIOFRÍO;76;VALLE DEL CAUCA
622;76622;ROLDANILLO;76;VALLE DEL CAUCA
670;76670;SAN PEDRO;76;VALLE DEL CAUCA
736;76736;SEVILLA;76;VALLE DEL CAUCA
823;76823;TORO;76;VALLE DEL CAUCA
828;76828;TRUJILLO;76;VALLE DEL CAUCA
834;76834;TULUÁ;76;VALLE DEL CAUCA
845;76845;ULLOA;76;VALLE DEL CAUCA
863;76863;VERSALLES;76;VALLE DEL CAUCA
869;76869;VIJES;76;VALLE DEL CAUCA
890;76890;YOTOCO;76;VALLE DEL CAUCA
892;76892;YUMBO;76;VALLE DEL CAUCA
895;76895;ZARZAL;76;VALLE DEL CAUCA
1;81001;ARAUCA;81;ARAUCA
65;81065;ARAUQUITA;81;ARAUCA
220;81220;CRAVO NORTE;81;ARAUCA
300;81300;FORTUL;81;ARAUCA
591;81591;PUERTO RONDÓN;81;ARAUCA
736;81736;SARAVENA;81;ARAUCA
794;81794;TAME;81;ARAUCA
1;85001;YOPAL;85;CASANARE
10;85010;AGUAZUL;85;CASANARE
15;85015;CHÁMEZA;85;CASANARE
125;85125;HATO COROZAL;85;CASANARE
136;85136;LA SALINA;85;CASANARE
139;85139;MANÍ;85;CASANARE
162;85162;MONTERREY;85;CASANARE
225;85225;NUNCHÍA;85;CASANARE
230;85230;OROCUÉ;85;CASANARE
250;85250;PAZ DE ARIPORO;85;CASANARE
263;85263;PORE;85;CASANARE
279;85279;RECETOR;85;CASANARE
300;85300;SABANALARGA;85;CASANARE
315;85315;SÁCAMA;85;CASANARE
325;85325;SAN LUIS DE PALENQUE;85;CASANARE
400;85400;TÁMARA;85;CASANARE
410;85410;TAURAMENA;85;CASANARE
430;85430;TRINIDAD;85;CASANARE
440;85440;VILLANUEVA;85;CASANARE
1;86001;MOCOA;86;PUTUMAYO
219;86219;COLÓN;86;PUTUMAYO
320;86320;ORITO;86;PUTUMAYO
568;86568;PUERTO ASÍS;86;PUTUMAYO
569;86569;PUERTO CAICEDO;86;PUTUMAYO
571;86571;PUERTO GUZMÁN;86;PUTUMAYO
573;86573;PUERTO LEGUÍZAMO;86;PUTUMAYO
749;86749;SIBUNDOY;86;PUTUMAYO
755;86755;SAN FRANCISCO;86;PUTUMAYO
757;86757;SAN MIGUEL;86;PUTUMAYO
760;86760;SANTIAGO;86;PUTUMAYO
865;86865;VALLE DEL GUAMUEZ;86;PUTUMAYO
885;86885;VILLAGARZÓN;86;PUTUMAYO
1;88001;SAN ANDRÉS;88;SAN ANDRÉS, PROVIDENCIA Y SANTA CATALINA
564;88564;PROVIDENCIA;88;SAN ANDRÉS, PROVIDENCIA Y SANTA CATALINA
1;91001;LETICIA;91;AMAZONAS
263;91263;EL ENCANTO;91;AMAZONAS
405;91405;LA CHORRERA;91;AMAZONAS
407;91407;LA PEDRERA;91;AMAZONAS
430;91430;LA VICTORIA;91;AMAZONAS
460;91460;MIRITÍ - PARANÁ;91;AMAZONAS
530;91530;PUERTO ALEGRÍA;91;AMAZONAS
536;91536;PUERTO ARICA;91;AMAZONAS
540;91540;PUERTO NARIÑO;91;AMAZONAS
669;91669;PUERTO SANTANDER;91;AMAZONAS
798;91798;TARAPACÁ;91;AMAZONAS
1;94001;INÍRIDA;94;GUAINÍA
343;94343;BARRANCOMINAS*;94;GUAINÍA
663;94663;MAPIRIPANA*;94;GUAINÍA
883;94883;SAN FELIPE;94;GUAINÍA
884;94884;PUERTO COLOMBIA;94;GUAINÍA
885;94885;LA GUADALUPE;94;GUAINÍA
886;94886;CACAHUAL;94;GUAINÍA
887;94887;PANA PANA;94;GUAINÍA
888;94888;MORICHAL;94;GUAINÍA
1;95001;GUAVIARE;95;GUAVIARE
15;95015;CALAMAR;95;GUAVIARE
25;95025;EL RETORNO;95;GUAVIARE
200;95200;MIRAFLORES;95;GUAVIARE
1;97001;MITÚ;97;VAUPÉS
161;97161;CARURÚ;97;VAUPÉS
511;97511;PACOA;97;VAUPÉS
666;97666;TARAIRA;97;VAUPÉS
777;97777;PAPUNAHUA;97;VAUPÉS
889;97889;YAVARATÉ;97;VAUPÉS
1;99001;PUERTO CARREÑO;99;VICHADA
524;99524;LA PRIMAVERA;99;VICHADA
624;99624;SANTA ROSALÍA;99;VICHADA
773;99773;CUMARIBO;99;VICHADA
